{"RuleTriggered": 0, "Violations": 0, "Details": {"ratio": {"cpu_functions": 100.0}, "phase": {"Step:ModeKeys.TRAIN": 92.56989691219606, "others": -2.1076658778194024, "Step:ModeKeys.EVAL": 9.537768965623345}, "phase_time": {}, "CPU": {"conv2d": 19.211042506784132, "convolution": 19.20870882905333, "_convolution": 19.207227569507502, "mkldnn_convolution": 19.19899358330982, "batch_norm": 7.727181949943492, "_batch_norm_impl_index": 7.724805878413081, "native_batch_norm": 7.7220396829886555}, "CPU_total": {"conv2d": 38065179, "convolution": 38060555, "_convolution": 38057620, "mkldnn_convolution": 38041305, "batch_norm": 15310807, "_batch_norm_impl_index": 15306099, "native_batch_norm": 15300618}, "general": {"DataLoaderIterInitialize": 0.0002540187735873344, "DataLoaderIter": 0.46705757392791003, "Forward": 99.5326884072985}}, "Datapoints": 0, "RuleParameters": ""}